{"_default": {"1": {"session_id": "48901f42-c09c-4d11-a216-bd02d5ee9e47", "svc_predictions": [0, 0, 0, 0, 1, 0, 1, 0, 0, 1, 0, 1, 0, 0, 1, 0, 0, 0, 1, 0, 0, 0], "ear_values": [0.25792, 0.26858, 0.29266, 0.27567, 0.28079, 0.2867, 0.28678, 0.06732, 0.14585, 0.18861, 0.23217, 0.27413, 0.27194, 0.24707, 0.0713, 0.07523, 0.21234, 0.21787, 0.24555, 0.25373, 0.23817, 0.25466, 0.25438, 0.25918, 0.0574, 0.07511, 0.1206, 0.17625, 0.21413, 0.22913, 0.23894, 0.23618, 0.26345, 0.26167, 0.05731, 0.07365, 0.05844, 0.24886, 0.22736, 0.26609, 0.29128, 0.28327, 0.26754, 0.28136, 0.27669, 0.28964, 0.29021, 0.29128, 0.28624, 0.30147, 0.06854, 0.07505, 0.16171, 0.24926, 0.24491, 0.28331, 0.25718, 0.25118, 0.26258, 0.26258, 0.28729, 0.28737, 0.07709, 0.08442, 0.06058, 0.23889, 0.25365, 0.26258, 0.28079, 0.27981, 0.28322, 0.28192, 0.27921, 0.2679, 0.28072, 0.26059, 0.28079, 0.2716, 0.07112, 0.06064, 0.07365, 0.25832, 0.26462, 0.27662, 0.28467, 0.27415, 0.28079, 0.29128, 0.28964, 0.27169, 0.28709, 0.28989, 0.28256, 0.29185, 0.28079, 0.28266, 0.29119, 0.2843, 0.06612, 0.06445, 0.22324, 0.24098, 0.2556, 0.27805, 0.26325, 0.25552, 0.27136, 0.27801, 0.29187, 0.27593, 0.2846, 0.29874, 0.2846, 0.28964, 0.28079, 0.28594, 0.09338, 0.07742, 0.20133, 0.24707, 0.24185, 0.2499, 0.26768, 0.26942]}, "2": {"session_id": "88061734-dae9-4bbc-a3dc-98441052972d", "svc_predictions": [0, 0, 0, 0, 0, 0, 1, 0, 0, 0, 0, 0, 0, 0, 0, 0, 0, 0, 0, 0, 0, 0, 0, 0], "ear_values": [0.23944, 0.23515, 0.07366, 0.0785, 0.23532, 0.24577, 0.24417, 0.26449, 0.27158, 0.24861, 0.28366, 0.28435, 0.26059, 0.23271, 0.11779, 0.16834, 0.21458, 0.19445, 0.2494, 0.24065, 0.26049, 0.26526, 0.24872, 0.23425, 0.2391, 0.25968, 0.26091, 0.24953, 0.25535, 0.24658, 0.24552, 0.24686, 0.236, 0.23713, 0.24859, 0.18328, 0.08615, 0.09278, 0.2288, 0.23832, 0.26934, 0.254, 0.27478, 0.27102, 0.27235, 0.254, 0.2518, 0.26108, 0.27046, 0.26582, 0.23861, 0.22878, 0.24043, 0.25847, 0.25554, 0.23371, 0.24589, 0.23189, 0.271, 0.24756, 0.27029, 0.24221, 0.26531, 0.25477, 0.26552, 0.27513, 0.2537, 0.26079, 0.2644, 0.27466, 0.27145, 0.26713, 0.24787, 0.25774, 0.25981, 0.26131, 0.25255, 0.25833, 0.25205, 0.24185, 0.26234, 0.26972, 0.21632, 0.2576, 0.28335, 0.2823, 0.2687, 0.25037, 0.22715, 0.27977, 0.26295, 0.24835, 0.2718, 0.26422, 0.2661, 0.25873, 0.24408, 0.27121, 0.25276, 0.27343, 0.26698, 0.26099, 0.25983, 0.2635, 0.27347, 0.25339, 0.26439, 0.2551, 0.25407, 0.2551, 0.25276, 0.28153, 0.29691, 0.30805, 0.27827, 0.29509, 0.27987, 0.29373, 0.2851, 0.2778, 0.3128, 0.29641, 0.30192, 0.30779, 0.29305, 0.29334, 0.27827, 0.29509, 0.31189, 0.27741, 0.2857, 0.27827, 0.29866, 0.30957, 0.32021, 0.30222]}}}